B08113_001E,B08113_001M,B08113_002E,B08113_002M,B08113_003E,B08113_003M,B08113_004E,B08113_004M,B08113_005E,B08113_005M,B08113_006E,B08113_006M,B08113_007E,B08113_007M,B08113_008E,B08113_008M,B08113_009E,B08113_009M,B08113_010E,B08113_010M,B08113_011E,B08113_011M,B08113_012E,B08113_012M,B08113_013E,B08113_013M,B08113_014E,B08113_014M,B08113_015E,B08113_015M,B08113_016E,B08113_016M,B08113_017E,B08113_017M,B08113_018E,B08113_018M,B08113_019E,B08113_019M,B08113_020E,B08113_020M,B08113_021E,B08113_021M,B08113_022E,B08113_022M,B08113_023E,B08113_023M,B08113_024E,B08113_024M,B08113_025E,B08113_025M,B08113_026E,B08113_026M,B08113_027E,B08113_027M,B08113_028E,B08113_028M,B08113_029E,B08113_029M,B08113_030E,B08113_030M,B08113_031E,B08113_031M,B08113_032E,B08113_032M,B08113_033E,B08113_033M,B08113_034E,B08113_034M,B08113_035E,B08113_035M,B08113_036E,B08113_036M,B08113_037E,B08113_037M,B08113_038E,B08113_038M,B08113_039E,B08113_039M,B08113_040E,B08113_040M,B08113_041E,B08113_041M,B08113_042E,B08113_042M,B08113_043E,B08113_043M,B08113_044E,B08113_044M,B08113_045E,B08113_045M,B08113_046E,B08113_046M,B08113_047E,B08113_047M,B08113_048E,B08113_048M,B08113_049E,B08113_049M,B08113_050E,B08113_050M,B08113_051E,B08113_051M,B08113_052E,B08113_052M,B08113_053E,B08113_053M,B08113_054E,B08113_054M,B08113_055E,B08113_055M,B08113_056E,B08113_056M,B08113_001M,B08113_001EA,B08113_001MA,B08113_002M,B08113_002EA,B08113_002MA,B08113_003M,B08113_003EA,B08113_003MA,B08113_004M,B08113_004EA,B08113_004MA,B08113_005M,B08113_005EA,B08113_005MA,B08113_006M,B08113_006EA,B08113_006MA,B08113_007M,B08113_007EA,B08113_007MA,B08113_008M,B08113_008EA,B08113_008MA,B08113_009M,B08113_009EA,B08113_009MA,B08113_010M,B08113_010EA,B08113_010MA,B08113_011M,B08113_011EA,B08113_011MA,B08113_012M,B08113_012EA,B08113_012MA,B08113_013M,B08113_013EA,B08113_013MA,B08113_014M,B08113_014EA,B08113_014MA,B08113_015M,B08113_015EA,B08113_015MA,B08113_016M,B08113_016EA,B08113_016MA,B08113_017M,B08113_017EA,B08113_017MA,B08113_018M,B08113_018EA,B08113_018MA,B08113_019M,B08113_019EA,B08113_019MA,B08113_020M,B08113_020EA,B08113_020MA,B08113_021M,B08113_021EA,B08113_021MA,B08113_022M,B08113_022EA,B08113_022MA,B08113_023M,B08113_023EA,B08113_023MA,B08113_024M,B08113_024EA,B08113_024MA,B08113_025M,B08113_025EA,B08113_025MA,B08113_026M,B08113_026EA,B08113_026MA,B08113_027M,B08113_027EA,B08113_027MA,B08113_028M,B08113_028EA,B08113_028MA,B08113_029M,B08113_029EA,B08113_029MA,B08113_030M,B08113_030EA,B08113_030MA,B08113_031M,B08113_031EA,B08113_031MA,B08113_032M,B08113_032EA,B08113_032MA,B08113_033M,B08113_033EA,B08113_033MA,B08113_034M,B08113_034EA,B08113_034MA,B08113_035M,B08113_035EA,B08113_035MA,B08113_036M,B08113_036EA,B08113_036MA,B08113_037M,B08113_037EA,B08113_037MA,B08113_038M,B08113_038EA,B08113_038MA,B08113_039M,B08113_039EA,B08113_039MA,B08113_040M,B08113_040EA,B08113_040MA,B08113_041M,B08113_041EA,B08113_041MA,B08113_042M,B08113_042EA,B08113_042MA,B08113_043M,B08113_043EA,B08113_043MA,B08113_044M,B08113_044EA,B08113_044MA,B08113_045M,B08113_045EA,B08113_045MA,B08113_046M,B08113_046EA,B08113_046MA,B08113_047M,B08113_047EA,B08113_047MA,B08113_048M,B08113_048EA,B08113_048MA,B08113_049M,B08113_049EA,B08113_049MA,B08113_050M,B08113_050EA,B08113_050MA,B08113_051M,B08113_051EA,B08113_051MA,B08113_052M,B08113_052EA,B08113_052MA,B08113_053M,B08113_053EA,B08113_053MA,B08113_054M,B08113_054EA,B08113_054MA,B08113_055M,B08113_055EA,B08113_055MA,B08113_056M,B08113_056EA,B08113_056MA,state
9122419,34743,6253666,36520,2151850,20625,1220497,21449,931353,17934,716903,18847,478478,15217,238425,11547,7221118,35892,5031240,35037,1647519,20532,990495,18187,657024,14346,542359,15059,375016,11890,167343,8572,835441,19368,484191,16429,268217,12725,118607,6966,149610,9514,83033,6737,46462,5056,36571,4819,187114,8988,100717,6189,59266,5329,21562,3144,37704,4956,27131,3963,12530,2768,14601,2688,137204,6375,86460,4839,37119,3551,16577,2676,20542,3034,13625,2365,9185,1880,4440,1439,193869,10915,132090,7708,45049,6304,19596,2325,25453,6150,16730,2988,10229,1743,6501,2086,547673,13777,418968,12683,94680,5504,53660,4155,41020,3666,34025,3134,25056,2731,8969,1731,34743,null,null,36520,null,null,20625,null,null,21449,null,null,17934,null,null,18847,null,null,15217,null,null,11547,null,null,35892,null,null,35037,null,null,20532,null,null,18187,null,null,14346,null,null,15059,null,null,11890,null,null,8572,null,null,19368,null,null,16429,null,null,12725,null,null,6966,null,null,9514,null,null,6737,null,null,5056,null,null,4819,null,null,8988,null,null,6189,null,null,5329,null,null,3144,null,null,4956,null,null,3963,null,null,2768,null,null,2688,null,null,6375,null,null,4839,null,null,3551,null,null,2676,null,null,3034,null,null,2365,null,null,1880,null,null,1439,null,null,10915,null,null,7708,null,null,6304,null,null,2325,null,null,6150,null,null,2988,null,null,1743,null,null,2086,null,null,13777,null,null,12683,null,null,5504,null,null,4155,null,null,3666,null,null,3134,null,null,2731,null,null,1731,null,null,12
4681817,22733,3974422,23947,387274,10177,180023,8435,207251,9403,320121,11547,214759,9884,105362,6091,3714350,26166,3216789,27033,253698,10552,138413,7538,115285,7097,243863,11069,169139,9200,74724,5638,451251,12068,320837,11967,90463,7188,26640,3378,63823,6305,39951,3922,19715,2844,20236,2607,100028,6674,80448,5821,10402,2484,2502,823,7900,2241,9178,1820,6530,1576,2648,871,72701,4248,60032,4261,7762,1812,2798,993,4964,1604,4907,1129,3047,847,1860,734,79337,6022,63341,5003,11679,2582,2834,968,8845,2449,4317,1411,2801,911,1516,1022,264150,8448,232975,8338,13270,2285,6836,1450,6434,1821,17905,2619,13527,2350,4378,1176,22733,null,null,23947,null,null,10177,null,null,8435,null,null,9403,null,null,11547,null,null,9884,null,null,6091,null,null,26166,null,null,27033,null,null,10552,null,null,7538,null,null,7097,null,null,11069,null,null,9200,null,null,5638,null,null,12068,null,null,11967,null,null,7188,null,null,3378,null,null,6305,null,null,3922,null,null,2844,null,null,2607,null,null,6674,null,null,5821,null,null,2484,null,null,823,null,null,2241,null,null,1820,null,null,1576,null,null,871,null,null,4248,null,null,4261,null,null,1812,null,null,993,null,null,1604,null,null,1129,null,null,847,null,null,734,null,null,6022,null,null,5003,null,null,2582,null,null,968,null,null,2449,null,null,1411,null,null,911,null,null,1022,null,null,8448,null,null,8338,null,null,2285,null,null,1450,null,null,1821,null,null,2619,null,null,2350,null,null,1176,null,null,13
708798,7430,514743,8511,17177,2568,12967,2113,4210,1461,176878,8332,98738,5967,78140,5651,474495,9201,362322,8874,10205,1829,7676,1472,2529,1031,101968,6508,64694,4489,37274,3896,96541,5619,64910,4384,3453,986,2310,798,1143,635,28178,3758,15589,2617,12589,2253,47808,4374,23023,2714,915,521,719,490,196,173,23870,3374,8038,1397,15832,2934,33401,3021,23155,2610,1353,532,1111,458,242,223,8893,1764,4424,1111,4469,1037,21606,2459,14958,2144,647,500,555,489,92,112,6001,1194,1487,525,4514,1136,34947,3045,26375,2529,604,360,596,360,8,19,7968,1622,4506,1179,3462,1161,7430,null,null,8511,null,null,2568,null,null,2113,null,null,1461,null,null,8332,null,null,5967,null,null,5651,null,null,9201,null,null,8874,null,null,1829,null,null,1472,null,null,1031,null,null,6508,null,null,4489,null,null,3896,null,null,5619,null,null,4384,null,null,986,null,null,798,null,null,635,null,null,3758,null,null,2617,null,null,2253,null,null,4374,null,null,2714,null,null,521,null,null,490,null,null,173,null,null,3374,null,null,1397,null,null,2934,null,null,3021,null,null,2610,null,null,532,null,null,458,null,null,223,null,null,1764,null,null,1111,null,null,1037,null,null,2459,null,null,2144,null,null,500,null,null,489,null,null,112,null,null,1194,null,null,525,null,null,1136,null,null,3045,null,null,2529,null,null,360,null,null,360,null,null,19,null,null,1622,null,null,1179,null,null,1161,null,null,15
753204,10015,670749,9394,63112,4234,34674,2932,28438,3485,19343,2624,12455,2146,6888,1360,597208,10219,532208,9553,51099,3910,28407,2767,22692,3058,13901,2007,8740,1606,5161,1275,72056,5488,60804,5082,8606,2094,3864,967,4742,1788,2646,1144,1598,769,1048,746,4282,1004,4237,999,35,69,35,69,0,198,10,20,0,198,10,20,19709,2532,17000,2342,1438,536,849,429,589,401,1271,679,897,604,374,272,15834,1912,14490,1744,679,480,425,354,254,302,665,388,513,353,152,174,44115,4072,42010,4063,1255,600,1094,549,161,144,850,487,707,404,143,171,10015,null,null,9394,null,null,4234,null,null,2932,null,null,3485,null,null,2624,null,null,2146,null,null,1360,null,null,10219,null,null,9553,null,null,3910,null,null,2767,null,null,3058,null,null,2007,null,null,1606,null,null,1275,null,null,5488,null,null,5082,null,null,2094,null,null,967,null,null,1788,null,null,1144,null,null,769,null,null,746,null,null,1004,null,null,999,null,null,69,null,null,69,null,null,198,null,null,20,null,null,198,null,null,20,null,null,2532,null,null,2342,null,null,536,null,null,429,null,null,401,null,null,679,null,null,604,null,null,272,null,null,1912,null,null,1744,null,null,480,null,null,354,null,null,302,null,null,388,null,null,353,null,null,174,null,null,4072,null,null,4063,null,null,600,null,null,549,null,null,144,null,null,487,null,null,404,null,null,171,null,null,16
6129844,20914,4673709,21524,854957,13040,496984,10930,357973,10665,601178,12582,397224,9228,203954,7860,4483475,22299,3484121,20853,587938,13235,349236,10340,238702,9668,411416,11356,270760,8125,140656,6402,471442,10723,294032,8610,122207,6000,56964,3840,65243,4430,55203,3814,31913,2826,23290,2226,573372,11437,425172,9426,81555,4645,51930,3567,29625,3043,66645,5053,47623,4132,19022,2514,184968,7362,137443,6331,25127,2806,15407,2247,9720,1497,22398,2511,15205,2232,7193,1429,114410,7526,80156,5557,19704,3139,11154,2319,8550,1901,14550,2159,9511,2041,5039,1192,302177,8806,252785,8472,18426,2750,12293,2342,6133,1408,30966,3152,22212,2654,8754,1703,20914,null,null,21524,null,null,13040,null,null,10930,null,null,10665,null,null,12582,null,null,9228,null,null,7860,null,null,22299,null,null,20853,null,null,13235,null,null,10340,null,null,9668,null,null,11356,null,null,8125,null,null,6402,null,null,10723,null,null,8610,null,null,6000,null,null,3840,null,null,4430,null,null,3814,null,null,2826,null,null,2226,null,null,11437,null,null,9426,null,null,4645,null,null,3567,null,null,3043,null,null,5053,null,null,4132,null,null,2514,null,null,7362,null,null,6331,null,null,2806,null,null,2247,null,null,1497,null,null,2511,null,null,2232,null,null,1429,null,null,7526,null,null,5557,null,null,3139,null,null,2319,null,null,1901,null,null,2159,null,null,2041,null,null,1192,null,null,8806,null,null,8472,null,null,2750,null,null,2342,null,null,1408,null,null,3152,null,null,2654,null,null,1703,null,null,17
3107122,14972,2843054,16666,146319,5863,79464,4903,66855,4025,117749,6633,80542,5304,37207,4347,2586064,18049,2397507,18456,111030,5349,63349,4176,47681,3792,77527,5436,54158,3865,23369,3250,264930,10512,219647,9857,23861,3191,9726,1841,14135,2446,21422,2709,12916,2170,8506,1492,31443,2939,25792,2495,3052,988,1462,682,1590,767,2599,1010,1824,866,775,662,66298,4176,58265,3730,3460,840,1741,542,1719,653,4573,1096,2876,903,1697,602,40330,3223,31857,3255,1970,734,778,442,1192,577,6503,1575,4910,1403,1593,756,118057,5258,109986,5135,2946,874,2408,809,538,354,5125,1439,3858,1227,1267,651,14972,null,null,16666,null,null,5863,null,null,4903,null,null,4025,null,null,6633,null,null,5304,null,null,4347,null,null,18049,null,null,18456,null,null,5349,null,null,4176,null,null,3792,null,null,5436,null,null,3865,null,null,3250,null,null,10512,null,null,9857,null,null,3191,null,null,1841,null,null,2446,null,null,2709,null,null,2170,null,null,1492,null,null,2939,null,null,2495,null,null,988,null,null,682,null,null,767,null,null,1010,null,null,866,null,null,662,null,null,4176,null,null,3730,null,null,840,null,null,542,null,null,653,null,null,1096,null,null,903,null,null,602,null,null,3223,null,null,3255,null,null,734,null,null,442,null,null,577,null,null,1575,null,null,1403,null,null,756,null,null,5258,null,null,5135,null,null,874,null,null,809,null,null,354,null,null,1439,null,null,1227,null,null,651,null,null,18
1583507,9513,1465619,9747,60499,3155,30151,2497,30348,2832,57389,3822,34146,3018,23243,2900,1286536,11530,1200325,11413,46553,3323,24463,2383,22090,2510,39658,3422,24801,2756,14857,2404,129304,6291,110572,5605,9583,1777,3052,739,6531,1576,9149,2005,4018,1163,5131,1291,17064,2551,14271,2134,765,456,436,297,329,349,2028,1180,1066,648,962,697,54449,3015,49948,2995,1330,436,810,308,520,323,3171,769,2037,623,1134,474,21321,2352,18965,2168,994,440,776,388,218,228,1362,548,744,353,618,384,74833,4404,71538,4220,1274,563,614,339,660,425,2021,673,1480,541,541,413,9513,null,null,9747,null,null,3155,null,null,2497,null,null,2832,null,null,3822,null,null,3018,null,null,2900,null,null,11530,null,null,11413,null,null,3323,null,null,2383,null,null,2510,null,null,3422,null,null,2756,null,null,2404,null,null,6291,null,null,5605,null,null,1777,null,null,739,null,null,1576,null,null,2005,null,null,1163,null,null,1291,null,null,2551,null,null,2134,null,null,456,null,null,297,null,null,349,null,null,1180,null,null,648,null,null,697,null,null,3015,null,null,2995,null,null,436,null,null,308,null,null,323,null,null,769,null,null,623,null,null,474,null,null,2352,null,null,2168,null,null,440,null,null,388,null,null,228,null,null,548,null,null,353,null,null,384,null,null,4404,null,null,4220,null,null,563,null,null,339,null,null,425,null,null,673,null,null,541,null,null,413,null,null,19
1421443,10034,1253073,10315,108869,4313,55769,3446,53100,3954,59501,4979,37301,3467,22200,3147,1168600,12292,1040647,11302,82861,4328,45262,3373,37599,3458,45092,4694,30094,3312,14998,2720,125893,6388,98985,5625,19521,2629,7548,1588,11973,2232,7387,1962,2827,775,4560,1666,7338,1417,5962,1284,630,453,533,430,97,115,746,548,428,380,318,440,35041,3004,31810,2822,1849,634,855,414,994,569,1382,585,1069,485,313,262,20933,2392,17917,2133,1174,522,293,226,881,507,1842,1012,1005,707,837,577,63638,3365,57752,3180,2834,1163,1278,646,1556,856,3052,1078,1878,587,1174,915,10034,null,null,10315,null,null,4313,null,null,3446,null,null,3954,null,null,4979,null,null,3467,null,null,3147,null,null,12292,null,null,11302,null,null,4328,null,null,3373,null,null,3458,null,null,4694,null,null,3312,null,null,2720,null,null,6388,null,null,5625,null,null,2629,null,null,1588,null,null,2232,null,null,1962,null,null,775,null,null,1666,null,null,1417,null,null,1284,null,null,453,null,null,430,null,null,115,null,null,548,null,null,380,null,null,440,null,null,3004,null,null,2822,null,null,634,null,null,414,null,null,569,null,null,585,null,null,485,null,null,262,null,null,2392,null,null,2133,null,null,522,null,null,226,null,null,507,null,null,1012,null,null,707,null,null,577,null,null,3365,null,null,3180,null,null,1163,null,null,646,null,null,856,null,null,1078,null,null,587,null,null,915,null,null,20
1924064,14452,1814106,14410,53542,2920,26629,2544,26913,2667,56416,4000,33414,3356,23002,2507,1582234,12284,1505612,12509,36728,2695,18878,2360,17850,2050,39894,3085,24922,2417,14972,2152,178334,7556,158668,7231,10963,2027,5004,1503,5959,1484,8703,1605,3946,1208,4757,1197,20925,2954,18239,2603,704,695,452,522,252,413,1982,899,791,547,1191,570,41353,3046,37728,2895,1377,526,724,362,653,357,2248,693,1261,528,987,448,29441,2605,25994,2386,1442,682,646,383,796,628,2005,1132,1354,1011,651,493,71777,4785,67865,4788,2328,797,925,525,1403,578,1584,480,1140,357,444,311,14452,null,null,14410,null,null,2920,null,null,2544,null,null,2667,null,null,4000,null,null,3356,null,null,2507,null,null,12284,null,null,12509,null,null,2695,null,null,2360,null,null,2050,null,null,3085,null,null,2417,null,null,2152,null,null,7556,null,null,7231,null,null,2027,null,null,1503,null,null,1484,null,null,1605,null,null,1208,null,null,1197,null,null,2954,null,null,2603,null,null,695,null,null,522,null,null,413,null,null,899,null,null,547,null,null,570,null,null,3046,null,null,2895,null,null,526,null,null,362,null,null,357,null,null,693,null,null,528,null,null,448,null,null,2605,null,null,2386,null,null,682,null,null,383,null,null,628,null,null,1132,null,null,1011,null,null,493,null,null,4785,null,null,4788,null,null,797,null,null,525,null,null,578,null,null,480,null,null,357,null,null,311,null,null,21
1999699,14146,1837499,14176,84191,4459,44297,3731,39894,3041,78009,4453,56214,4426,21795,2110,1657170,16034,1542044,16347,55741,4477,33431,3293,22310,2965,59385,4222,43302,3944,16083,1743,185059,9400,154219,8287,19689,3478,7604,2065,12085,2566,11151,2259,7312,1695,3839,1527,25489,2733,22972,2468,1506,756,538,405,968,586,1011,626,908,621,103,115,33167,3267,28702,2967,2268,833,513,318,1755,799,2197,746,1385,585,812,464,37006,3677,32280,3454,2439,993,1012,450,1427,919,2287,943,1765,816,522,448,61808,4412,57282,4232,2548,865,1199,590,1349,580,1978,511,1542,465,436,265,14146,null,null,14176,null,null,4459,null,null,3731,null,null,3041,null,null,4453,null,null,4426,null,null,2110,null,null,16034,null,null,16347,null,null,4477,null,null,3293,null,null,2965,null,null,4222,null,null,3944,null,null,1743,null,null,9400,null,null,8287,null,null,3478,null,null,2065,null,null,2566,null,null,2259,null,null,1695,null,null,1527,null,null,2733,null,null,2468,null,null,756,null,null,405,null,null,586,null,null,626,null,null,621,null,null,115,null,null,3267,null,null,2967,null,null,833,null,null,318,null,null,799,null,null,746,null,null,585,null,null,464,null,null,3677,null,null,3454,null,null,993,null,null,450,null,null,919,null,null,943,null,null,816,null,null,448,null,null,4412,null,null,4232,null,null,865,null,null,590,null,null,580,null,null,511,null,null,465,null,null,265,null,null,22
644442,7930,609543,8373,6078,1203,5183,1167,895,513,28821,3020,20489,2769,8332,1615,511012,7721,486138,7727,4546,1077,3798,1064,748,485,20328,2504,15367,2322,4961,1119,57703,4689,53026,4641,795,417,665,376,130,118,3882,1119,1461,569,2421,1070,4232,1194,3400,1086,0,172,0,172,0,172,832,564,310,287,522,502,25820,2794,23604,2603,266,215,266,215,0,172,1950,580,1731,559,219,163,8424,1559,8287,1574,38,71,38,71,0,172,99,116,99,116,0,172,37251,2868,35088,2666,433,338,416,339,17,21,1730,773,1521,691,209,269,7930,null,null,8373,null,null,1203,null,null,1167,null,null,513,null,null,3020,null,null,2769,null,null,1615,null,null,7721,null,null,7727,null,null,1077,null,null,1064,null,null,485,null,null,2504,null,null,2322,null,null,1119,null,null,4689,null,null,4641,null,null,417,null,null,376,null,null,118,null,null,1119,null,null,569,null,null,1070,null,null,1194,null,null,1086,null,null,172,null,null,172,null,null,172,null,null,564,null,null,287,null,null,502,null,null,2794,null,null,2603,null,null,215,null,null,215,null,null,172,null,null,580,null,null,559,null,null,163,null,null,1559,null,null,1574,null,null,71,null,null,71,null,null,172,null,null,116,null,null,116,null,null,172,null,null,2868,null,null,2666,null,null,338,null,null,339,null,null,21,null,null,773,null,null,691,null,null,269,null,null,23
3044986,14069,2422199,17424,273222,7001,131948,6861,141274,7606,349565,10492,251313,9372,98252,6024,2247708,18093,1832643,19311,169099,7216,89697,5733,79402,5447,245966,9544,181286,8047,64680,5010,273968,11235,183050,7231,53173,5431,20455,2825,32718,4802,37745,3481,21094,2397,16651,2927,258950,9111,192216,7602,31479,3619,12712,2390,18767,3137,35255,3416,25292,2932,9963,1640,74847,4958,57407,4316,8404,2301,3345,1131,5059,1762,9036,1421,6693,1253,2343,746,45104,4312,35574,3640,4787,1879,1647,906,3140,1695,4743,1100,3497,965,1246,629,144409,5484,121309,4809,6280,1352,4092,1103,2188,718,16820,1792,13451,1692,3369,990,14069,null,null,17424,null,null,7001,null,null,6861,null,null,7606,null,null,10492,null,null,9372,null,null,6024,null,null,18093,null,null,19311,null,null,7216,null,null,5733,null,null,5447,null,null,9544,null,null,8047,null,null,5010,null,null,11235,null,null,7231,null,null,5431,null,null,2825,null,null,4802,null,null,3481,null,null,2397,null,null,2927,null,null,9111,null,null,7602,null,null,3619,null,null,2390,null,null,3137,null,null,3416,null,null,2932,null,null,1640,null,null,4958,null,null,4316,null,null,2301,null,null,1131,null,null,1762,null,null,1421,null,null,1253,null,null,746,null,null,4312,null,null,3640,null,null,1879,null,null,906,null,null,1695,null,null,1100,null,null,965,null,null,629,null,null,5484,null,null,4809,null,null,1352,null,null,1103,null,null,718,null,null,1792,null,null,1692,null,null,990,null,null,24
3504937,19583,2689664,20473,293777,8198,168625,7141,125152,7196,521496,12675,340901,10071,180595,8651,2457107,17071,1975244,17988,161280,7434,102630,6228,58650,4221,320583,10381,219315,8871,101268,6325,267156,9285,167106,7864,40144,3936,20193,2593,19951,2981,59906,4190,31639,3009,28267,2740,354611,11031,229844,8235,52591,4029,23834,2690,28757,3990,72176,5831,44975,4245,27201,3649,168580,5847,119164,5420,17049,1967,10500,1422,6549,1345,32367,3218,22090,2469,10277,1870,77394,4032,50719,3617,13277,2123,5075,1244,8202,1923,13398,2295,8123,1597,5275,1464,180089,7217,147587,6095,9436,1975,6393,1787,3043,1056,23066,2730,14759,2006,8307,1711,19583,null,null,20473,null,null,8198,null,null,7141,null,null,7196,null,null,12675,null,null,10071,null,null,8651,null,null,17071,null,null,17988,null,null,7434,null,null,6228,null,null,4221,null,null,10381,null,null,8871,null,null,6325,null,null,9285,null,null,7864,null,null,3936,null,null,2593,null,null,2981,null,null,4190,null,null,3009,null,null,2740,null,null,11031,null,null,8235,null,null,4029,null,null,2690,null,null,3990,null,null,5831,null,null,4245,null,null,3649,null,null,5847,null,null,5420,null,null,1967,null,null,1422,null,null,1345,null,null,3218,null,null,2469,null,null,1870,null,null,4032,null,null,3617,null,null,2123,null,null,1244,null,null,1923,null,null,2295,null,null,1597,null,null,1464,null,null,7217,null,null,6095,null,null,1975,null,null,1787,null,null,1056,null,null,2730,null,null,2006,null,null,1711,null,null,25
4492590,20589,4073577,21710,133691,5943,78088,4850,55603,4492,285322,7320,191423,6656,93899,5490,3700498,19489,3381026,19728,94356,4661,60185,4309,34171,2870,225116,6974,153563,5972,71553,5285,398251,9788,338527,8756,28283,3741,11377,1896,16906,3097,31441,3057,18380,2390,13061,1852,64250,4525,58013,4168,1893,957,792,382,1101,867,4344,1099,2630,892,1714,597,94131,5185,82462,4644,3844,1082,2185,665,1659,657,7825,1425,4927,1067,2898,801,54899,3572,48023,3271,1832,597,1226,483,606,385,5044,1087,3577,870,1467,592,180561,7063,165526,6826,3483,945,2323,785,1160,463,11552,1664,8346,1405,3206,929,20589,null,null,21710,null,null,5943,null,null,4850,null,null,4492,null,null,7320,null,null,6656,null,null,5490,null,null,19489,null,null,19728,null,null,4661,null,null,4309,null,null,2870,null,null,6974,null,null,5972,null,null,5285,null,null,9788,null,null,8756,null,null,3741,null,null,1896,null,null,3097,null,null,3057,null,null,2390,null,null,1852,null,null,4525,null,null,4168,null,null,957,null,null,382,null,null,867,null,null,1099,null,null,892,null,null,597,null,null,5185,null,null,4644,null,null,1082,null,null,665,null,null,657,null,null,1425,null,null,1067,null,null,801,null,null,3572,null,null,3271,null,null,597,null,null,483,null,null,385,null,null,1087,null,null,870,null,null,592,null,null,7063,null,null,6826,null,null,945,null,null,785,null,null,463,null,null,1664,null,null,1405,null,null,929,null,null,26
2868581,11316,2546671,12845,110706,3945,57302,3808,53404,3366,211204,7494,136714,5858,74490,5057,2232605,13337,2010695,12548,70666,3610,39446,3161,31220,2616,151244,5852,98972,4788,52272,4063,246345,8194,195948,7255,23565,3039,9019,1727,14546,2507,26832,3080,15157,2042,11675,2025,103966,4963,85896,4509,6457,1361,3033,879,3424,953,11613,1563,7319,1163,4294,960,75145,3809,62952,3252,4469,1072,2264,753,2205,879,7724,1493,4686,1015,3038,1145,43089,3465,36845,2998,2550,951,1516,590,1034,551,3694,882,2827,783,867,476,167431,5157,154335,5126,2999,831,2024,610,975,527,10097,1474,7753,1270,2344,704,11316,null,null,12845,null,null,3945,null,null,3808,null,null,3366,null,null,7494,null,null,5858,null,null,5057,null,null,13337,null,null,12548,null,null,3610,null,null,3161,null,null,2616,null,null,5852,null,null,4788,null,null,4063,null,null,8194,null,null,7255,null,null,3039,null,null,1727,null,null,2507,null,null,3080,null,null,2042,null,null,2025,null,null,4963,null,null,4509,null,null,1361,null,null,879,null,null,953,null,null,1563,null,null,1163,null,null,960,null,null,3809,null,null,3252,null,null,1072,null,null,753,null,null,879,null,null,1493,null,null,1015,null,null,1145,null,null,3465,null,null,2998,null,null,951,null,null,590,null,null,551,null,null,882,null,null,783,null,null,476,null,null,5157,null,null,5126,null,null,831,null,null,610,null,null,527,null,null,1474,null,null,1270,null,null,704,null,null,27
1215225,13303,1164963,13076,31117,2462,18025,2183,13092,1972,19145,2352,12745,1867,6400,1664,1027773,14985,990756,14386,22107,2398,14440,2059,7667,1512,14910,2084,10035,1694,4875,1601,119367,6969,109292,6821,7306,1712,2909,916,4397,1449,2769,941,1943,669,826,443,3700,873,3640,871,51,77,41,73,10,20,9,18,0,213,9,18,16760,2378,15491,2181,528,464,79,149,449,426,741,536,419,314,322,399,20335,2995,19248,2984,706,528,194,248,512,471,381,389,52,88,329,373,27290,2754,26536,2700,419,269,362,251,57,78,335,271,296,269,39,60,13303,null,null,13076,null,null,2462,null,null,2183,null,null,1972,null,null,2352,null,null,1867,null,null,1664,null,null,14985,null,null,14386,null,null,2398,null,null,2059,null,null,1512,null,null,2084,null,null,1694,null,null,1601,null,null,6969,null,null,6821,null,null,1712,null,null,916,null,null,1449,null,null,941,null,null,669,null,null,443,null,null,873,null,null,871,null,null,77,null,null,73,null,null,20,null,null,18,null,null,213,null,null,18,null,null,2378,null,null,2181,null,null,464,null,null,149,null,null,426,null,null,536,null,null,314,null,null,399,null,null,2995,null,null,2984,null,null,528,null,null,248,null,null,471,null,null,389,null,null,88,null,null,373,null,null,2754,null,null,2700,null,null,269,null,null,251,null,null,78,null,null,271,null,null,269,null,null,60,null,null,28
2863373,17471,2677487,20039,79320,4061,50994,3659,28326,3263,106566,5877,69503,5085,37063,3724,2340513,17274,2203598,17888,59079,3657,39012,3043,20067,2928,77836,4594,51333,4197,26503,3266,248079,9212,220499,8494,12207,2436,7011,1768,5196,1564,15373,1970,8185,1742,7188,1310,41004,3799,37611,3513,1856,977,849,640,1007,727,1537,499,1099,432,438,242,52536,4110,47812,3795,1436,743,574,384,862,635,3288,907,2685,829,603,278,33144,2583,29850,2405,1323,583,1042,517,281,247,1971,790,1019,529,952,622,148097,6489,138117,6364,3419,984,2506,760,913,525,6561,1553,5182,1436,1379,708,17471,null,null,20039,null,null,4061,null,null,3659,null,null,3263,null,null,5877,null,null,5085,null,null,3724,null,null,17274,null,null,17888,null,null,3657,null,null,3043,null,null,2928,null,null,4594,null,null,4197,null,null,3266,null,null,9212,null,null,8494,null,null,2436,null,null,1768,null,null,1564,null,null,1970,null,null,1742,null,null,1310,null,null,3799,null,null,3513,null,null,977,null,null,640,null,null,727,null,null,499,null,null,432,null,null,242,null,null,4110,null,null,3795,null,null,743,null,null,384,null,null,635,null,null,907,null,null,829,null,null,278,null,null,2583,null,null,2405,null,null,583,null,null,517,null,null,247,null,null,790,null,null,529,null,null,622,null,null,6489,null,null,6364,null,null,984,null,null,760,null,null,525,null,null,1553,null,null,1436,null,null,708,null,null,29
496311,5572,478148,5536,5494,1049,5092,1019,402,234,12669,1764,10169,1538,2500,755,377028,6907,366220,6819,2947,891,2729,862,218,147,7861,1126,6182,1132,1679,682,45455,3765,43503,3627,839,442,784,437,55,97,1113,395,875,336,238,232,3352,976,3257,1003,80,114,80,114,0,168,15,28,15,28,0,168,28169,2516,25488,2211,879,405,775,405,104,150,1802,840,1257,809,545,320,10726,1831,10224,1838,176,210,176,210,0,168,326,395,326,395,0,168,31581,2917,29456,2849,573,407,548,409,25,34,1552,896,1514,903,38,63,5572,null,null,5536,null,null,1049,null,null,1019,null,null,234,null,null,1764,null,null,1538,null,null,755,null,null,6907,null,null,6819,null,null,891,null,null,862,null,null,147,null,null,1126,null,null,1132,null,null,682,null,null,3765,null,null,3627,null,null,442,null,null,437,null,null,97,null,null,395,null,null,336,null,null,232,null,null,976,null,null,1003,null,null,114,null,null,114,null,null,168,null,null,28,null,null,28,null,null,168,null,null,2516,null,null,2211,null,null,405,null,null,405,null,null,150,null,null,840,null,null,809,null,null,320,null,null,1831,null,null,1838,null,null,210,null,null,210,null,null,168,null,null,395,null,null,395,null,null,168,null,null,2917,null,null,2849,null,null,407,null,null,409,null,null,34,null,null,896,null,null,903,null,null,63,null,null,30
974207,7682,868524,7206,71195,3653,34870,2939,36325,2915,34488,2886,21398,2478,13090,1662,799206,8689,724569,7857,50635,3340,26236,2826,24399,2361,24002,2590,17237,2386,6765,1143,87568,4926,64999,4168,15792,2607,6762,1552,9030,1831,6777,1472,2396,819,4381,1170,5806,1169,4715,1038,811,749,207,235,604,720,280,198,235,183,45,75,23977,2053,22256,2050,644,373,349,217,295,313,1077,406,710,349,367,249,14625,2026,12101,1654,1528,671,272,250,1256,578,996,629,310,295,686,546,43025,3288,39884,3167,1785,685,1044,469,741,526,1356,673,510,304,846,526,7682,null,null,7206,null,null,3653,null,null,2939,null,null,2915,null,null,2886,null,null,2478,null,null,1662,null,null,8689,null,null,7857,null,null,3340,null,null,2826,null,null,2361,null,null,2590,null,null,2386,null,null,1143,null,null,4926,null,null,4168,null,null,2607,null,null,1552,null,null,1831,null,null,1472,null,null,819,null,null,1170,null,null,1169,null,null,1038,null,null,749,null,null,235,null,null,720,null,null,198,null,null,183,null,null,75,null,null,2053,null,null,2050,null,null,373,null,null,217,null,null,313,null,null,406,null,null,349,null,null,249,null,null,2026,null,null,1654,null,null,671,null,null,250,null,null,578,null,null,629,null,null,295,null,null,546,null,null,3288,null,null,3167,null,null,685,null,null,469,null,null,526,null,null,673,null,null,304,null,null,526,null,null,31
1356018,11498,912634,10894,312387,7280,169708,7204,142679,5907,130997,5299,88806,5332,42191,4144,1068116,11663,722213,9761,244321,6657,136248,6278,108073,4752,101582,5228,71031,4696,30551,3551,137953,7003,83579,5049,37651,3998,19221,2476,18430,2922,16723,2535,10331,1935,6392,1413,46044,3908,27396,3129,14507,2341,7066,1909,7441,1611,4141,1230,2043,794,2098,915,22751,2217,14573,2083,5735,1610,2053,891,3682,1423,2443,818,1057,505,1386,661,23944,2911,16183,2332,5859,1439,2746,981,3113,972,1902,752,741,415,1161,620,57210,4456,48690,3592,4314,1379,2374,1044,1940,831,4206,1298,3603,1279,603,306,11498,null,null,10894,null,null,7280,null,null,7204,null,null,5907,null,null,5299,null,null,5332,null,null,4144,null,null,11663,null,null,9761,null,null,6657,null,null,6278,null,null,4752,null,null,5228,null,null,4696,null,null,3551,null,null,7003,null,null,5049,null,null,3998,null,null,2476,null,null,2922,null,null,2535,null,null,1935,null,null,1413,null,null,3908,null,null,3129,null,null,2341,null,null,1909,null,null,1611,null,null,1230,null,null,794,null,null,915,null,null,2217,null,null,2083,null,null,1610,null,null,891,null,null,1423,null,null,818,null,null,505,null,null,661,null,null,2911,null,null,2332,null,null,1439,null,null,981,null,null,972,null,null,752,null,null,415,null,null,620,null,null,4456,null,null,3592,null,null,1379,null,null,1044,null,null,831,null,null,1298,null,null,1279,null,null,306,null,null,32
705515,6959,655366,7170,14351,2056,8922,1896,5429,1509,35798,2958,23031,2331,12767,2077,562580,7300,529510,7798,8859,1368,5461,1380,3398,1115,24211,2784,16844,2145,7367,1547,60483,4404,51216,3991,3303,1083,1728,794,1575,799,5964,1639,2478,906,3486,1129,6346,1605,5481,1478,358,377,358,377,0,187,507,330,412,293,95,147,22011,2519,19239,2260,797,445,617,367,180,207,1975,810,1098,443,877,719,9997,1771,9272,1772,113,97,57,97,56,77,612,466,384,286,228,352,44098,3189,40648,2992,921,495,701,436,220,227,2529,859,1815,757,714,441,6959,null,null,7170,null,null,2056,null,null,1896,null,null,1509,null,null,2958,null,null,2331,null,null,2077,null,null,7300,null,null,7798,null,null,1368,null,null,1380,null,null,1115,null,null,2784,null,null,2145,null,null,1547,null,null,4404,null,null,3991,null,null,1083,null,null,794,null,null,799,null,null,1639,null,null,906,null,null,1129,null,null,1605,null,null,1478,null,null,377,null,null,377,null,null,187,null,null,330,null,null,293,null,null,147,null,null,2519,null,null,2260,null,null,445,null,null,367,null,null,207,null,null,810,null,null,443,null,null,719,null,null,1771,null,null,1772,null,null,97,null,null,97,null,null,77,null,null,466,null,null,286,null,null,352,null,null,3189,null,null,2992,null,null,495,null,null,436,null,null,227,null,null,859,null,null,757,null,null,441,null,null,33
4328133,21270,2896058,20918,746136,11668,392792,10280,353344,10620,685939,12175,471606,10933,214333,8686,3063948,21798,2199152,19437,428743,11621,262285,8485,166458,7423,436053,9451,306909,8840,129144,5956,364623,9650,181410,8595,113643,6607,42088,3684,71555,5474,69570,5294,39841,3579,29729,3999,509502,10741,278261,8518,112393,6839,55097,4086,57296,5312,118848,6013,86881,4611,31967,3487,123553,6868,61576,4440,44887,4425,17321,2377,27566,3706,17090,2370,8564,1448,8526,1786,75903,5571,33680,3373,30610,3704,7101,1441,23509,3606,11613,2315,7087,1797,4526,1293,190604,6641,141979,5180,15860,2433,8900,1799,6960,1509,32765,3207,22324,2445,10441,1975,21270,null,null,20918,null,null,11668,null,null,10280,null,null,10620,null,null,12175,null,null,10933,null,null,8686,null,null,21798,null,null,19437,null,null,11621,null,null,8485,null,null,7423,null,null,9451,null,null,8840,null,null,5956,null,null,9650,null,null,8595,null,null,6607,null,null,3684,null,null,5474,null,null,5294,null,null,3579,null,null,3999,null,null,10741,null,null,8518,null,null,6839,null,null,4086,null,null,5312,null,null,6013,null,null,4611,null,null,3487,null,null,6868,null,null,4440,null,null,4425,null,null,2377,null,null,3706,null,null,2370,null,null,1448,null,null,1786,null,null,5571,null,null,3373,null,null,3704,null,null,1441,null,null,3606,null,null,2315,null,null,1797,null,null,1293,null,null,6641,null,null,5180,null,null,2433,null,null,1799,null,null,1509,null,null,3207,null,null,2445,null,null,1975,null,null,34
877959,9029,583079,10790,231612,8318,169962,7700,61650,5265,63268,4011,55060,4092,8208,1572,702110,9176,464142,10116,191470,7805,141712,7085,49758,4347,46498,3350,41068,3220,5430,1168,82912,5401,52065,3977,23908,3520,15844,2701,8064,2001,6939,1630,5985,1565,954,457,12460,2085,8937,1800,2467,842,1596,655,871,503,1056,536,995,498,61,91,19839,3027,13680,2556,2848,868,2278,754,570,363,3311,885,2369,793,942,566,15947,2363,11678,1747,2824,1059,2109,843,715,501,1445,637,1178,607,267,236,44691,4259,32577,3890,8095,1840,6423,1661,1672,761,4019,784,3465,733,554,244,9029,null,null,10790,null,null,8318,null,null,7700,null,null,5265,null,null,4011,null,null,4092,null,null,1572,null,null,9176,null,null,10116,null,null,7805,null,null,7085,null,null,4347,null,null,3350,null,null,3220,null,null,1168,null,null,5401,null,null,3977,null,null,3520,null,null,2701,null,null,2001,null,null,1630,null,null,1565,null,null,457,null,null,2085,null,null,1800,null,null,842,null,null,655,null,null,503,null,null,536,null,null,498,null,null,91,null,null,3027,null,null,2556,null,null,868,null,null,754,null,null,363,null,null,885,null,null,793,null,null,566,null,null,2363,null,null,1747,null,null,1059,null,null,843,null,null,501,null,null,637,null,null,607,null,null,236,null,null,4259,null,null,3890,null,null,1840,null,null,1661,null,null,761,null,null,784,null,null,733,null,null,244,null,null,35
9291557,26473,6446090,27272,1383900,15445,725249,14856,658651,16974,1461567,19106,876180,13943,585387,12254,4888039,27150,3895388,25067,457971,12341,268559,9907,189412,7954,534680,12782,349160,9352,185520,7249,606605,15551,380784,12213,107289,6332,47760,4040,59529,5769,118532,6342,57825,3802,60707,5182,2636851,24680,1439558,18675,623233,13886,319706,11064,303527,12970,574060,11675,328042,9960,246018,8065,577983,13519,325558,8881,112733,7004,52891,4593,59842,5467,139692,6310,77907,4617,61785,4518,181866,7655,115753,5527,35565,3699,13702,2056,21863,2884,30548,3389,19887,2777,10661,1925,400213,12682,289049,9341,47109,4717,22631,3244,24478,3296,64055,4940,43359,3091,20696,3338,26473,null,null,27272,null,null,15445,null,null,14856,null,null,16974,null,null,19106,null,null,13943,null,null,12254,null,null,27150,null,null,25067,null,null,12341,null,null,9907,null,null,7954,null,null,12782,null,null,9352,null,null,7249,null,null,15551,null,null,12213,null,null,6332,null,null,4040,null,null,5769,null,null,6342,null,null,3802,null,null,5182,null,null,24680,null,null,18675,null,null,13886,null,null,11064,null,null,12970,null,null,11675,null,null,9960,null,null,8065,null,null,13519,null,null,8881,null,null,7004,null,null,4593,null,null,5467,null,null,6310,null,null,4617,null,null,4518,null,null,7655,null,null,5527,null,null,3699,null,null,2056,null,null,2884,null,null,3389,null,null,2777,null,null,1925,null,null,12682,null,null,9341,null,null,4717,null,null,3244,null,null,3296,null,null,4940,null,null,3091,null,null,3338,null,null,36
4626006,20643,4064192,21441,357579,7997,177131,7835,180448,7467,204235,8147,139642,6939,64593,5295,3763121,20164,3361191,21862,250389,8652,136763,6846,113626,7309,151541,7924,106332,7042,45209,4485,423351,11949,318307,11237,77732,5429,26300,3430,51432,4491,27312,3236,13730,2303,13582,2373,47899,4227,38855,4215,4644,1190,1325,568,3319,1067,4400,1301,3137,1153,1263,571,79649,5125,67229,4549,7865,1485,3626,811,4239,1112,4555,1022,3190,897,1365,569,62022,4481,51099,3954,6758,1495,2940,962,3818,1138,4165,1229,3143,994,1022,630,249964,9336,227511,9123,10191,2158,6177,1299,4014,1718,12262,2142,10110,2005,2152,957,20643,null,null,21441,null,null,7997,null,null,7835,null,null,7467,null,null,8147,null,null,6939,null,null,5295,null,null,20164,null,null,21862,null,null,8652,null,null,6846,null,null,7309,null,null,7924,null,null,7042,null,null,4485,null,null,11949,null,null,11237,null,null,5429,null,null,3430,null,null,4491,null,null,3236,null,null,2303,null,null,2373,null,null,4227,null,null,4215,null,null,1190,null,null,568,null,null,1067,null,null,1301,null,null,1153,null,null,571,null,null,5125,null,null,4549,null,null,1485,null,null,811,null,null,1112,null,null,1022,null,null,897,null,null,569,null,null,4481,null,null,3954,null,null,1495,null,null,962,null,null,1138,null,null,1229,null,null,994,null,null,630,null,null,9336,null,null,9123,null,null,2158,null,null,1299,null,null,1718,null,null,2142,null,null,2005,null,null,957,null,null,37
406027,5000,385708,5205,7037,1581,5183,1132,1854,851,13282,1779,8917,1445,4365,1134,325505,5607,312420,5666,4890,1251,3278,990,1612,854,8195,1468,5830,1157,2365,867,40390,3464,35526,3080,1660,833,1461,839,199,157,3204,1154,1527,617,1677,879,2140,896,1953,820,0,155,0,155,0,155,187,204,187,204,0,155,11933,1845,11157,1679,144,197,112,135,32,68,632,503,551,487,81,93,5264,1359,4972,1379,150,171,148,171,2,7,142,175,142,175,0,155,20795,1868,19680,1912,193,177,184,172,9,19,922,534,680,487,242,196,5000,null,null,5205,null,null,1581,null,null,1132,null,null,851,null,null,1779,null,null,1445,null,null,1134,null,null,5607,null,null,5666,null,null,1251,null,null,990,null,null,854,null,null,1468,null,null,1157,null,null,867,null,null,3464,null,null,3080,null,null,833,null,null,839,null,null,157,null,null,1154,null,null,617,null,null,879,null,null,896,null,null,820,null,null,155,null,null,155,null,null,155,null,null,204,null,null,204,null,null,155,null,null,1845,null,null,1679,null,null,197,null,null,135,null,null,68,null,null,503,null,null,487,null,null,93,null,null,1359,null,null,1379,null,null,171,null,null,171,null,null,7,null,null,175,null,null,175,null,null,155,null,null,1868,null,null,1912,null,null,177,null,null,172,null,null,19,null,null,534,null,null,487,null,null,196,null,null,38
5435982,22752,5060112,23701,119177,5162,71624,4303,47553,3954,256693,7436,177235,6851,79458,4923,4515268,26031,4244117,26431,87122,4574,54606,3596,32516,3793,184029,7041,130781,6118,53248,4266,406914,12428,353330,11661,19579,2765,8786,1580,10793,2229,34005,3854,18562,2446,15443,2589,86890,4489,78803,4621,3662,1139,2499,982,1163,605,4425,1287,2842,1046,1583,708,127034,5341,114372,5249,3981,990,2527,832,1454,606,8681,1506,4864,1046,3817,1037,65536,4180,52672,3911,2777,848,1641,675,1136,511,10087,2132,7897,2058,2190,533,234340,7750,216818,7474,2056,695,1565,637,491,295,15466,2619,12289,2376,3177,906,22752,null,null,23701,null,null,5162,null,null,4303,null,null,3954,null,null,7436,null,null,6851,null,null,4923,null,null,26031,null,null,26431,null,null,4574,null,null,3596,null,null,3793,null,null,7041,null,null,6118,null,null,4266,null,null,12428,null,null,11661,null,null,2765,null,null,1580,null,null,2229,null,null,3854,null,null,2446,null,null,2589,null,null,4489,null,null,4621,null,null,1139,null,null,982,null,null,605,null,null,1287,null,null,1046,null,null,708,null,null,5341,null,null,5249,null,null,990,null,null,832,null,null,606,null,null,1506,null,null,1046,null,null,1037,null,null,4180,null,null,3911,null,null,848,null,null,675,null,null,511,null,null,2132,null,null,2058,null,null,533,null,null,7750,null,null,7474,null,null,695,null,null,637,null,null,295,null,null,2619,null,null,2376,null,null,906,null,null,39
1729489,10334,1544280,10063,123214,4528,64511,3749,58703,3592,61995,3989,40811,3674,21184,2423,1428164,11604,1287542,11425,94389,3971,51012,3487,43377,2746,46233,3347,32104,3112,14129,1894,164119,5323,133830,5024,20980,2294,8775,1476,12205,1914,9309,1534,4552,993,4757,1204,8662,1405,7364,1355,520,384,151,185,369,303,778,569,432,374,346,356,29496,2279,25535,2227,1978,710,1109,504,869,456,1983,475,1213,399,770,297,24987,2524,20195,2309,2885,696,1513,593,1372,525,1907,814,1122,632,785,517,74061,3321,69814,3138,2462,788,1951,716,511,309,1785,696,1388,679,397,240,10334,null,null,10063,null,null,4528,null,null,3749,null,null,3592,null,null,3989,null,null,3674,null,null,2423,null,null,11604,null,null,11425,null,null,3971,null,null,3487,null,null,2746,null,null,3347,null,null,3112,null,null,1894,null,null,5323,null,null,5024,null,null,2294,null,null,1476,null,null,1914,null,null,1534,null,null,993,null,null,1204,null,null,1405,null,null,1355,null,null,384,null,null,185,null,null,303,null,null,569,null,null,374,null,null,356,null,null,2279,null,null,2227,null,null,710,null,null,504,null,null,456,null,null,475,null,null,399,null,null,297,null,null,2524,null,null,2309,null,null,696,null,null,593,null,null,525,null,null,814,null,null,632,null,null,517,null,null,3321,null,null,3138,null,null,788,null,null,716,null,null,309,null,null,696,null,null,679,null,null,240,null,null,40
1899356,13722,1595760,15482,181611,6011,98854,5532,82757,4971,121985,6783,83111,5630,38874,3500,1374404,13802,1173796,14348,119483,5062,68784,4234,50699,4038,81125,5606,56968,4361,24157,2918,184632,7897,133557,6606,34405,3611,13962,2380,20443,2963,16670,2598,10665,1961,6005,1653,82729,4632,64764,3769,10464,1927,5784,1410,4680,1424,7501,1502,4049,1117,3452,1167,68682,4349,57350,4036,6155,1456,3618,886,2537,1197,5177,1185,3170,870,2007,832,63263,4233,54931,3964,4320,1250,2995,1048,1325,770,4012,899,3271,815,741,365,125646,6755,111362,6428,6784,1723,3711,1157,3073,1020,7500,1585,4988,1390,2512,733,13722,null,null,15482,null,null,6011,null,null,5532,null,null,4971,null,null,6783,null,null,5630,null,null,3500,null,null,13802,null,null,14348,null,null,5062,null,null,4234,null,null,4038,null,null,5606,null,null,4361,null,null,2918,null,null,7897,null,null,6606,null,null,3611,null,null,2380,null,null,2963,null,null,2598,null,null,1961,null,null,1653,null,null,4632,null,null,3769,null,null,1927,null,null,1410,null,null,1424,null,null,1502,null,null,1117,null,null,1167,null,null,4349,null,null,4036,null,null,1456,null,null,886,null,null,1197,null,null,1185,null,null,870,null,null,832,null,null,4233,null,null,3964,null,null,1250,null,null,1048,null,null,770,null,null,899,null,null,815,null,null,365,null,null,6755,null,null,6428,null,null,1723,null,null,1157,null,null,1020,null,null,1585,null,null,1390,null,null,733,null,null,41
5977351,24618,5320623,28894,276430,8976,170190,7543,106240,6061,380298,11876,243085,9835,137213,7134,4550927,22991,4137842,25445,174975,7679,114272,6767,60703,4498,238110,8577,156471,7304,81639,5738,499808,12818,397813,11602,50559,4845,23779,3383,26780,3508,51436,4206,25888,3201,25548,2986,332072,10094,279562,9031,18886,2504,12847,2087,6039,1434,33624,3460,21533,2834,12091,1832,218035,7730,182869,6969,14285,2139,8036,1283,6249,1509,20881,2506,14131,1950,6750,1434,86769,4114,68010,4000,7995,1847,5396,1428,2599,1172,10764,1441,7360,1301,3404,848,289740,9943,254527,8529,9730,1607,5860,1481,3870,1067,25483,3414,17702,2474,7781,1829,24618,null,null,28894,null,null,8976,null,null,7543,null,null,6061,null,null,11876,null,null,9835,null,null,7134,null,null,22991,null,null,25445,null,null,7679,null,null,6767,null,null,4498,null,null,8577,null,null,7304,null,null,5738,null,null,12818,null,null,11602,null,null,4845,null,null,3383,null,null,3508,null,null,4206,null,null,3201,null,null,2986,null,null,10094,null,null,9031,null,null,2504,null,null,2087,null,null,1434,null,null,3460,null,null,2834,null,null,1832,null,null,7730,null,null,6969,null,null,2139,null,null,1283,null,null,1509,null,null,2506,null,null,1950,null,null,1434,null,null,4114,null,null,4000,null,null,1847,null,null,1428,null,null,1172,null,null,1441,null,null,1301,null,null,848,null,null,9943,null,null,8529,null,null,1607,null,null,1481,null,null,1067,null,null,3414,null,null,2474,null,null,1829,null,null,42
510504,6420,396233,7820,60468,3649,35165,3647,25303,2633,53803,4507,39413,3523,14390,2408,409729,7020,325165,7636,43852,3915,26606,3708,17246,2392,40712,3949,30263,3153,10449,1845,42641,4172,24971,3110,10201,2044,4431,1198,5770,1812,7469,1660,4833,1243,2636,997,12473,2131,8209,1279,2700,1010,1279,621,1421,752,1564,874,1039,698,525,559,18445,2229,14360,1907,1712,844,1281,771,431,299,2373,748,1913,672,460,306,5462,1421,4459,1135,770,616,604,562,166,266,233,281,233,281,0,208,21754,2431,19069,2384,1233,444,964,405,269,209,1452,568,1132,533,320,212,6420,null,null,7820,null,null,3649,null,null,3647,null,null,2633,null,null,4507,null,null,3523,null,null,2408,null,null,7020,null,null,7636,null,null,3915,null,null,3708,null,null,2392,null,null,3949,null,null,3153,null,null,1845,null,null,4172,null,null,3110,null,null,2044,null,null,1198,null,null,1812,null,null,1660,null,null,1243,null,null,997,null,null,2131,null,null,1279,null,null,1010,null,null,621,null,null,752,null,null,874,null,null,698,null,null,559,null,null,2229,null,null,1907,null,null,844,null,null,771,null,null,299,null,null,748,null,null,672,null,null,306,null,null,1421,null,null,1135,null,null,616,null,null,562,null,null,266,null,null,281,null,null,281,null,null,208,null,null,2431,null,null,2384,null,null,444,null,null,405,null,null,209,null,null,568,null,null,533,null,null,212,null,null,44
2216858,16859,2054576,17526,102486,4425,51355,3769,51131,4034,59796,4129,45543,4026,14253,1939,1829675,19092,1710471,18615,72824,4968,40409,3267,32415,3597,46380,3566,36614,3210,9766,1696,206196,9542,176821,9055,21904,4275,7747,2035,14157,3794,7471,1877,5087,1813,2384,857,12255,1953,9949,1946,1946,701,0,207,1946,701,360,294,155,161,205,244,46566,3444,42213,3459,2442,735,1503,439,939,592,1911,660,1403,617,508,300,31727,3787,28157,3531,2033,944,776,639,1257,670,1537,744,479,253,1058,712,90439,6284,86965,6160,1337,537,920,408,417,240,2137,655,1805,629,332,272,16859,null,null,17526,null,null,4425,null,null,3769,null,null,4034,null,null,4129,null,null,4026,null,null,1939,null,null,19092,null,null,18615,null,null,4968,null,null,3267,null,null,3597,null,null,3566,null,null,3210,null,null,1696,null,null,9542,null,null,9055,null,null,4275,null,null,2035,null,null,3794,null,null,1877,null,null,1813,null,null,857,null,null,1953,null,null,1946,null,null,701,null,null,207,null,null,701,null,null,294,null,null,161,null,null,244,null,null,3444,null,null,3459,null,null,735,null,null,439,null,null,592,null,null,660,null,null,617,null,null,300,null,null,3787,null,null,3531,null,null,944,null,null,639,null,null,670,null,null,744,null,null,253,null,null,712,null,null,6284,null,null,6160,null,null,537,null,null,408,null,null,240,null,null,655,null,null,629,null,null,272,null,null,45
430172,5267,406914,5268,8621,1266,4642,1056,3979,995,14637,1852,10159,1601,4478,1199,343633,6082,328477,6173,5354,1053,3185,835,2169,820,9802,1645,7013,1302,2789,944,38219,3055,33134,2973,2439,802,876,454,1563,769,2646,713,1181,522,1465,721,2108,780,2015,774,0,157,0,157,0,157,93,109,50,67,43,89,16482,2055,15436,1973,249,198,141,160,108,105,797,354,775,354,22,47,5953,1230,4879,1061,139,178,0,157,139,178,935,596,794,572,141,140,23777,2311,22973,2182,440,354,440,354,0,157,364,259,346,255,18,41,5267,null,null,5268,null,null,1266,null,null,1056,null,null,995,null,null,1852,null,null,1601,null,null,1199,null,null,6082,null,null,6173,null,null,1053,null,null,835,null,null,820,null,null,1645,null,null,1302,null,null,944,null,null,3055,null,null,2973,null,null,802,null,null,454,null,null,769,null,null,713,null,null,522,null,null,721,null,null,780,null,null,774,null,null,157,null,null,157,null,null,157,null,null,109,null,null,67,null,null,89,null,null,2055,null,null,1973,null,null,198,null,null,160,null,null,105,null,null,354,null,null,354,null,null,47,null,null,1230,null,null,1061,null,null,178,null,null,157,null,null,178,null,null,596,null,null,572,null,null,140,null,null,2311,null,null,2182,null,null,354,null,null,354,null,null,157,null,null,259,null,null,255,null,null,41,null,null,46
2979857,17258,2759761,18783,129605,5199,62903,4553,66702,4798,90491,5206,58363,4443,32128,3616,2489612,17991,2327292,18932,93504,5233,48795,4058,44709,4155,68816,4481,46538,3844,22278,3058,255862,9018,215796,8973,26344,2827,8360,1649,17984,2503,13722,2483,6987,1622,6735,1663,20698,2816,18533,2675,1174,539,674,427,500,345,991,490,581,397,410,300,39448,3934,34919,3656,2165,714,1380,600,785,432,2364,903,1466,691,898,608,35185,3344,31151,3187,2839,966,1285,679,1554,696,1195,728,380,261,815,716,139052,7691,132070,7477,3579,1160,2409,1005,1170,562,3403,1085,2411,924,992,677,17258,null,null,18783,null,null,5199,null,null,4553,null,null,4798,null,null,5206,null,null,4443,null,null,3616,null,null,17991,null,null,18932,null,null,5233,null,null,4058,null,null,4155,null,null,4481,null,null,3844,null,null,3058,null,null,9018,null,null,8973,null,null,2827,null,null,1649,null,null,2503,null,null,2483,null,null,1622,null,null,1663,null,null,2816,null,null,2675,null,null,539,null,null,427,null,null,345,null,null,490,null,null,397,null,null,300,null,null,3934,null,null,3656,null,null,714,null,null,600,null,null,432,null,null,903,null,null,691,null,null,608,null,null,3344,null,null,3187,null,null,966,null,null,679,null,null,696,null,null,728,null,null,261,null,null,716,null,null,7691,null,null,7477,null,null,1160,null,null,1005,null,null,562,null,null,1085,null,null,924,null,null,677,null,null,47
12783032,40131,8168706,37525,3775061,26590,2198207,27231,1576854,24987,839265,14602,578080,14933,261185,9498,10294898,39514,6684139,33762,2966031,28842,1789998,27367,1176033,19699,644728,13900,454005,13528,190723,7781,1289249,23464,665791,15003,520364,17046,253213,10107,267151,12559,103094,7025,57227,5081,45867,4819,183385,7394,112777,5629,48409,4136,24238,2916,24171,3075,22199,3420,15843,2850,6356,1913,201154,7942,125025,6140,59520,4446,32326,3416,27194,3179,16609,2461,10618,1803,5991,1753,196199,8255,112032,5921,71346,6144,33924,3387,37422,4598,12821,2016,8859,1786,3962,1117,618147,14332,468942,11875,109391,6290,64508,4883,44883,4269,39814,3850,31528,3315,8286,1847,40131,null,null,37525,null,null,26590,null,null,27231,null,null,24987,null,null,14602,null,null,14933,null,null,9498,null,null,39514,null,null,33762,null,null,28842,null,null,27367,null,null,19699,null,null,13900,null,null,13528,null,null,7781,null,null,23464,null,null,15003,null,null,17046,null,null,10107,null,null,12559,null,null,7025,null,null,5081,null,null,4819,null,null,7394,null,null,5629,null,null,4136,null,null,2916,null,null,3075,null,null,3420,null,null,2850,null,null,1913,null,null,7942,null,null,6140,null,null,4446,null,null,3416,null,null,3179,null,null,2461,null,null,1803,null,null,1753,null,null,8255,null,null,5921,null,null,6144,null,null,3387,null,null,4598,null,null,2016,null,null,1786,null,null,1117,null,null,14332,null,null,11875,null,null,6290,null,null,4883,null,null,4269,null,null,3850,null,null,3315,null,null,1847,null,null,48
1435308,10825,1200493,11230,160350,6249,94976,6258,65374,5472,74465,4144,56365,3682,18100,2364,1088520,12079,921975,11161,113919,5874,68085,4893,45834,4240,52626,3692,40415,3514,12211,1910,157393,8229,119728,6654,27237,3923,14773,2861,12464,2786,10428,1663,7138,1320,3290,922,39200,4513,27734,3005,6381,3113,3378,1405,3003,2031,5085,1490,3710,1327,1375,755,39435,3339,32541,2928,4927,1266,2809,850,2118,844,1967,811,1724,759,243,236,23624,3064,20435,2639,1875,921,1549,891,326,211,1314,730,710,344,604,677,87136,4559,78080,4115,6011,1704,4382,1520,1629,770,3045,891,2668,830,377,215,10825,null,null,11230,null,null,6249,null,null,6258,null,null,5472,null,null,4144,null,null,3682,null,null,2364,null,null,12079,null,null,11161,null,null,5874,null,null,4893,null,null,4240,null,null,3692,null,null,3514,null,null,1910,null,null,8229,null,null,6654,null,null,3923,null,null,2861,null,null,2786,null,null,1663,null,null,1320,null,null,922,null,null,4513,null,null,3005,null,null,3113,null,null,1405,null,null,2031,null,null,1490,null,null,1327,null,null,755,null,null,3339,null,null,2928,null,null,1266,null,null,850,null,null,844,null,null,811,null,null,759,null,null,236,null,null,3064,null,null,2639,null,null,921,null,null,891,null,null,211,null,null,730,null,null,344,null,null,677,null,null,4559,null,null,4115,null,null,1704,null,null,1520,null,null,770,null,null,891,null,null,830,null,null,215,null,null,49
318010,4125,301007,4439,2901,697,2445,666,456,278,14102,2217,11026,1845,3076,864,240282,4857,229173,4740,1769,508,1601,506,168,199,9340,1672,7583,1502,1757,633,25358,2500,23768,2356,154,114,154,114,0,151,1436,547,831,371,605,416,4914,1188,4362,1063,0,151,0,151,0,151,552,603,519,603,33,47,18885,2042,16586,1874,750,356,526,343,224,219,1549,892,981,488,568,507,6374,1325,5824,1160,54,108,0,151,54,108,496,511,452,497,44,59,22197,1660,21294,1587,174,220,164,221,10,22,729,324,660,309,69,87,4125,null,null,4439,null,null,697,null,null,666,null,null,278,null,null,2217,null,null,1845,null,null,864,null,null,4857,null,null,4740,null,null,508,null,null,506,null,null,199,null,null,1672,null,null,1502,null,null,633,null,null,2500,null,null,2356,null,null,114,null,null,114,null,null,151,null,null,547,null,null,371,null,null,416,null,null,1188,null,null,1063,null,null,151,null,null,151,null,null,151,null,null,603,null,null,603,null,null,47,null,null,2042,null,null,1874,null,null,356,null,null,343,null,null,219,null,null,892,null,null,488,null,null,507,null,null,1325,null,null,1160,null,null,108,null,null,151,null,null,108,null,null,511,null,null,497,null,null,59,null,null,1660,null,null,1587,null,null,220,null,null,221,null,null,22,null,null,324,null,null,309,null,null,87,null,null,50
4150512,16609,3414855,19159,330493,8379,172414,7180,158079,8055,405164,10323,284487,8605,120677,6177,3192485,18613,2693412,19743,217613,8885,126957,6481,90656,6073,281460,8662,198295,7481,83165,4909,393221,12594,283168,10120,60054,5822,21178,2790,38876,5411,49999,4486,31084,3700,18915,2476,171640,7157,120268,5676,20226,3045,10289,1767,9937,2243,31146,2914,23557,2399,7589,1409,108451,5673,86965,5167,9636,1866,4755,1418,4881,1448,11850,2058,8881,1797,2969,886,75866,5649,56335,4279,10453,3158,2452,1008,8001,3069,9078,1621,5885,1322,3193,865,208849,7168,174707,6092,12511,2235,6783,1562,5728,1564,21631,2447,16785,2186,4846,1030,16609,null,null,19159,null,null,8379,null,null,7180,null,null,8055,null,null,10323,null,null,8605,null,null,6177,null,null,18613,null,null,19743,null,null,8885,null,null,6481,null,null,6073,null,null,8662,null,null,7481,null,null,4909,null,null,12594,null,null,10120,null,null,5822,null,null,2790,null,null,5411,null,null,4486,null,null,3700,null,null,2476,null,null,7157,null,null,5676,null,null,3045,null,null,1767,null,null,2243,null,null,2914,null,null,2399,null,null,1409,null,null,5673,null,null,5167,null,null,1866,null,null,1418,null,null,1448,null,null,2058,null,null,1797,null,null,886,null,null,5649,null,null,4279,null,null,3158,null,null,1008,null,null,3069,null,null,1621,null,null,1322,null,null,865,null,null,7168,null,null,6092,null,null,2235,null,null,1562,null,null,1564,null,null,2447,null,null,2186,null,null,1030,null,null,51
3459806,20889,2780288,22142,292164,7604,151622,7338,140542,6224,387354,10895,251428,8289,135926,6646,2492872,17397,2047947,18142,195021,7283,108082,5961,86939,5274,249904,9759,163042,7551,86862,5770,341795,10762,236331,8676,54429,4820,22111,2715,32318,3591,51035,3825,31067,2734,19968,2431,220132,8075,166265,7475,13889,2345,6745,1535,7144,1841,39978,3692,27574,2930,12404,2053,129410,7654,101385,6167,8909,1695,5192,1282,3717,830,19116,3066,11754,2405,7362,1872,72502,4352,58423,3996,6997,1700,3590,1088,3407,1385,7082,1453,4385,1036,2697,1132,203095,7849,169937,6885,12919,2894,5902,1491,7017,2254,20239,2063,13606,1825,6633,1265,20889,null,null,22142,null,null,7604,null,null,7338,null,null,6224,null,null,10895,null,null,8289,null,null,6646,null,null,17397,null,null,18142,null,null,7283,null,null,5961,null,null,5274,null,null,9759,null,null,7551,null,null,5770,null,null,10762,null,null,8676,null,null,4820,null,null,2715,null,null,3591,null,null,3825,null,null,2734,null,null,2431,null,null,8075,null,null,7475,null,null,2345,null,null,1535,null,null,1841,null,null,3692,null,null,2930,null,null,2053,null,null,7654,null,null,6167,null,null,1695,null,null,1282,null,null,830,null,null,3066,null,null,2405,null,null,1872,null,null,4352,null,null,3996,null,null,1700,null,null,1088,null,null,1385,null,null,1453,null,null,1036,null,null,1132,null,null,7849,null,null,6885,null,null,2894,null,null,1491,null,null,2254,null,null,2063,null,null,1825,null,null,1265,null,null,53
725750,8853,705360,9080,7271,1153,4577,922,2694,1089,13119,2442,9705,2109,3414,1197,591965,9074,577992,9121,5051,1019,3606,889,1445,669,8922,1500,6853,1393,2069,886,67100,4481,63667,4643,1746,711,546,366,1200,667,1687,849,1182,631,505,535,7880,1636,7489,1629,53,66,53,66,0,193,338,263,196,261,142,172,23035,2758,21824,2602,144,111,144,111,0,193,1067,698,909,651,158,251,6859,1187,6670,1147,67,96,38,75,29,55,122,100,27,45,95,88,28911,3151,27718,3254,210,191,190,187,20,44,983,616,538,354,445,517,8853,null,null,9080,null,null,1153,null,null,922,null,null,1089,null,null,2442,null,null,2109,null,null,1197,null,null,9074,null,null,9121,null,null,1019,null,null,889,null,null,669,null,null,1500,null,null,1393,null,null,886,null,null,4481,null,null,4643,null,null,711,null,null,366,null,null,667,null,null,849,null,null,631,null,null,535,null,null,1636,null,null,1629,null,null,66,null,null,66,null,null,193,null,null,263,null,null,261,null,null,172,null,null,2758,null,null,2602,null,null,111,null,null,111,null,null,193,null,null,698,null,null,651,null,null,251,null,null,1187,null,null,1147,null,null,96,null,null,75,null,null,55,null,null,100,null,null,45,null,null,88,null,null,3151,null,null,3254,null,null,191,null,null,187,null,null,44,null,null,616,null,null,354,null,null,517,null,null,54
2916599,13314,2665930,13589,131255,4826,75549,3963,55706,3573,119414,5761,82593,5160,36821,3117,2353462,14618,2178453,14975,94976,4406,56912,3551,38064,3065,80033,4536,57128,4144,22905,2215,239740,6801,198114,5969,23926,2771,11184,1690,12742,2042,17700,1898,10794,1614,6906,1297,50825,3370,42276,2813,3143,1089,1583,643,1560,857,5406,1284,2883,815,2523,1151,88382,4573,79607,4487,3699,1165,2339,964,1360,509,5076,1119,3434,881,1642,684,46678,3183,38957,2837,3333,994,1774,734,1559,634,4388,1001,3315,926,1073,381,137512,5466,128523,5272,2178,518,1757,481,421,214,6811,1094,5039,1039,1772,478,13314,null,null,13589,null,null,4826,null,null,3963,null,null,3573,null,null,5761,null,null,5160,null,null,3117,null,null,14618,null,null,14975,null,null,4406,null,null,3551,null,null,3065,null,null,4536,null,null,4144,null,null,2215,null,null,6801,null,null,5969,null,null,2771,null,null,1690,null,null,2042,null,null,1898,null,null,1614,null,null,1297,null,null,3370,null,null,2813,null,null,1089,null,null,643,null,null,857,null,null,1284,null,null,815,null,null,1151,null,null,4573,null,null,4487,null,null,1165,null,null,964,null,null,509,null,null,1119,null,null,881,null,null,684,null,null,3183,null,null,2837,null,null,994,null,null,734,null,null,634,null,null,1001,null,null,926,null,null,381,null,null,5466,null,null,5272,null,null,518,null,null,481,null,null,214,null,null,1094,null,null,1039,null,null,478,null,null,55
284386,4677,261953,5264,13153,2132,7873,1956,5280,1301,9280,1778,7351,1654,1929,868,221126,5287,205646,5155,8856,1845,5606,1771,3250,1144,6624,1630,5869,1458,755,444,25590,2462,23182,2375,1543,692,1135,579,408,336,865,456,614,397,251,364,4322,1603,3776,1443,468,348,468,348,0,197,78,87,32,45,46,74,13105,1912,10128,1669,1851,925,462,273,1389,923,1126,783,385,357,741,611,3765,956,3335,876,232,351,0,197,232,351,198,242,62,110,136,202,16478,2466,15886,2539,203,179,202,179,1,2,389,293,389,293,0,197,4677,null,null,5264,null,null,2132,null,null,1956,null,null,1301,null,null,1778,null,null,1654,null,null,868,null,null,5287,null,null,5155,null,null,1845,null,null,1771,null,null,1144,null,null,1630,null,null,1458,null,null,444,null,null,2462,null,null,2375,null,null,692,null,null,579,null,null,336,null,null,456,null,null,397,null,null,364,null,null,1603,null,null,1443,null,null,348,null,null,348,null,null,197,null,null,87,null,null,45,null,null,74,null,null,1912,null,null,1669,null,null,925,null,null,273,null,null,923,null,null,783,null,null,357,null,null,611,null,null,956,null,null,876,null,null,351,null,null,197,null,null,351,null,null,242,null,null,110,null,null,202,null,null,2466,null,null,2539,null,null,179,null,null,179,null,null,2,null,null,293,null,null,293,null,null,197,null,null,56
1024738,12938,53591,4343,968441,13428,236053,9946,732388,12728,2706,869,1379,635,1327,701,844468,13368,39810,3426,803285,13908,200320,8927,602965,12739,1373,629,831,508,542,363,86836,5684,7321,1522,79000,5371,17948,2203,61052,4739,515,353,210,200,305,301,18948,2233,1388,697,17560,2046,2778,737,14782,1917,0,222,0,222,0,222,31596,3003,2406,737,28522,2866,5111,1379,23411,2754,668,496,188,195,480,459,18206,1872,1340,537,16866,1781,4359,1149,12507,1583,0,222,0,222,0,222,24684,2593,1326,612,23208,2500,5537,1188,17671,2300,150,237,150,237,0,222,12938,null,null,4343,null,null,13428,null,null,9946,null,null,12728,null,null,869,null,null,635,null,null,701,null,null,13368,null,null,3426,null,null,13908,null,null,8927,null,null,12739,null,null,629,null,null,508,null,null,363,null,null,5684,null,null,1522,null,null,5371,null,null,2203,null,null,4739,null,null,353,null,null,200,null,null,301,null,null,2233,null,null,697,null,null,2046,null,null,737,null,null,1917,null,null,222,null,null,222,null,null,222,null,null,3003,null,null,737,null,null,2866,null,null,1379,null,null,2754,null,null,496,null,null,195,null,null,459,null,null,1872,null,null,537,null,null,1781,null,null,1149,null,null,1583,null,null,222,null,null,222,null,null,222,null,null,2593,null,null,612,null,null,2500,null,null,1188,null,null,2300,null,null,237,null,null,237,null,null,222,null,null,72
2053191,15319,1941512,15558,68870,4166,34825,3683,34045,3295,42809,3454,27651,3033,15158,2320,1768180,17016,1678166,17104,54304,3661,28029,3171,26275,2720,35710,3191,23890,2701,11820,2041,165046,7290,149882,6859,10541,1896,4595,1222,5946,1538,4623,1163,2037,696,2586,1036,6334,1398,5971,1444,316,279,111,130,205,224,47,73,47,73,0,195,23875,2466,22270,2374,800,413,479,307,321,293,805,538,665,502,140,156,21175,2210,19808,2175,934,870,108,106,826,859,433,318,217,267,216,169,68581,5449,65415,5304,1975,1176,1503,1096,472,424,1191,578,795,456,396,347,15319,null,null,15558,null,null,4166,null,null,3683,null,null,3295,null,null,3454,null,null,3033,null,null,2320,null,null,17016,null,null,17104,null,null,3661,null,null,3171,null,null,2720,null,null,3191,null,null,2701,null,null,2041,null,null,7290,null,null,6859,null,null,1896,null,null,1222,null,null,1538,null,null,1163,null,null,696,null,null,1036,null,null,1398,null,null,1444,null,null,279,null,null,130,null,null,224,null,null,73,null,null,73,null,null,195,null,null,2466,null,null,2374,null,null,413,null,null,307,null,null,293,null,null,538,null,null,502,null,null,156,null,null,2210,null,null,2175,null,null,870,null,null,106,null,null,859,null,null,318,null,null,267,null,null,169,null,null,5449,null,null,5304,null,null,1176,null,null,1096,null,null,424,null,null,578,null,null,456,null,null,347,null,null,01
362804,5688,301779,6003,16428,2493,11369,1585,5059,1959,44597,3290,29464,2791,15133,1943,250492,6226,215566,6252,10336,2058,7648,1427,2688,1520,24590,2384,16983,2244,7607,1582,44258,4217,34680,3693,2386,1261,1366,646,1020,943,7192,1596,4306,1206,2886,892,4381,1226,3808,1173,187,214,78,152,109,147,386,248,275,203,111,159,27628,2231,18978,1914,2593,929,1420,558,1173,693,6057,916,3089,565,2968,743,17273,1838,12691,1546,432,317,392,299,40,67,4150,743,3287,655,863,356,18772,2415,16056,1958,494,452,465,461,29,63,2222,897,1524,663,698,456,5688,null,null,6003,null,null,2493,null,null,1585,null,null,1959,null,null,3290,null,null,2791,null,null,1943,null,null,6226,null,null,6252,null,null,2058,null,null,1427,null,null,1520,null,null,2384,null,null,2244,null,null,1582,null,null,4217,null,null,3693,null,null,1261,null,null,646,null,null,943,null,null,1596,null,null,1206,null,null,892,null,null,1226,null,null,1173,null,null,214,null,null,152,null,null,147,null,null,248,null,null,203,null,null,159,null,null,2231,null,null,1914,null,null,929,null,null,558,null,null,693,null,null,916,null,null,565,null,null,743,null,null,1838,null,null,1546,null,null,317,null,null,299,null,null,67,null,null,743,null,null,655,null,null,356,null,null,2415,null,null,1958,null,null,452,null,null,461,null,null,63,null,null,897,null,null,663,null,null,456,null,null,02
2992943,17571,2155421,19488,637933,13147,412103,11338,225830,7501,199589,8356,148729,7288,50860,3673,2289515,20996,1670896,19947,472814,11344,316800,9352,156014,6137,145805,7532,110487,6437,35318,3041,328645,11547,198662,8921,104672,7492,57989,5529,46683,3913,25311,2530,17268,2086,8043,1552,55372,4393,36675,3256,13735,2762,7785,2092,5950,1516,4962,1293,3433,1080,1529,662,54823,3832,37544,3440,11373,1982,7179,1669,4194,1166,5906,1443,4532,1298,1374,632,74706,4810,57667,4473,11598,1990,6339,1604,5259,1346,5441,1183,3593,831,1848,713,189882,7571,153977,6694,23741,3046,16011,2482,7730,1893,12164,1789,9416,1679,2748,770,17571,null,null,19488,null,null,13147,null,null,11338,null,null,7501,null,null,8356,null,null,7288,null,null,3673,null,null,20996,null,null,19947,null,null,11344,null,null,9352,null,null,6137,null,null,7532,null,null,6437,null,null,3041,null,null,11547,null,null,8921,null,null,7492,null,null,5529,null,null,3913,null,null,2530,null,null,2086,null,null,1552,null,null,4393,null,null,3256,null,null,2762,null,null,2092,null,null,1516,null,null,1293,null,null,1080,null,null,662,null,null,3832,null,null,3440,null,null,1982,null,null,1669,null,null,1166,null,null,1443,null,null,1298,null,null,632,null,null,4810,null,null,4473,null,null,1990,null,null,1604,null,null,1346,null,null,1183,null,null,831,null,null,713,null,null,7571,null,null,6694,null,null,3046,null,null,2482,null,null,1893,null,null,1789,null,null,1679,null,null,770,null,null,04
1264585,11936,1167041,11502,68794,3759,32358,3249,36436,3330,28750,2826,17452,2437,11298,1758,1050898,12981,980841,12110,49614,3281,25221,2890,24393,2530,20443,2494,13325,1992,7118,1461,128593,5740,107849,5703,14855,2471,5038,1179,9817,2233,5889,1421,2820,1067,3069,1074,4247,1092,3973,1043,145,236,0,197,145,236,129,183,129,183,0,197,25456,3004,22534,2815,2004,888,1110,474,894,748,918,486,501,333,417,344,14882,1876,14136,1835,468,297,149,152,319,249,278,202,210,209,68,89,40509,3651,37708,3420,1708,847,840,516,868,707,1093,642,467,332,626,411,11936,null,null,11502,null,null,3759,null,null,3249,null,null,3330,null,null,2826,null,null,2437,null,null,1758,null,null,12981,null,null,12110,null,null,3281,null,null,2890,null,null,2530,null,null,2494,null,null,1992,null,null,1461,null,null,5740,null,null,5703,null,null,2471,null,null,1179,null,null,2233,null,null,1421,null,null,1067,null,null,1074,null,null,1092,null,null,1043,null,null,236,null,null,197,null,null,236,null,null,183,null,null,183,null,null,197,null,null,3004,null,null,2815,null,null,888,null,null,474,null,null,748,null,null,486,null,null,333,null,null,344,null,null,1876,null,null,1835,null,null,297,null,null,152,null,null,249,null,null,202,null,null,209,null,null,89,null,null,3651,null,null,3420,null,null,847,null,null,516,null,null,707,null,null,642,null,null,332,null,null,411,null,null,05
17926224,42991,9785191,42214,5268758,30473,2949794,28103,2318964,25305,2872275,25007,1818194,20684,1054081,18399,13186177,48661,7342614,39871,3802604,31920,2260038,27225,1542566,25345,2040959,23291,1309792,16889,731167,15851,1846542,28775,775054,16842,727179,18263,330540,11849,396639,12010,344309,10993,187492,7303,156817,8108,910353,16641,439367,10626,290274,11547,124315,6870,165959,9075,180712,6679,115695,5353,65017,4911,481638,10755,265372,9413,138045,6985,71266,5251,66779,4408,78221,5255,50681,4235,27540,2879,456964,12732,258579,9400,136646,6607,63113,4226,73533,5603,61739,4181,43018,3551,18721,2258,1044550,19991,704205,16502,174010,8702,100522,6194,73488,4125,166335,7262,111516,5652,54819,4414,42991,null,null,42214,null,null,30473,null,null,28103,null,null,25305,null,null,25007,null,null,20684,null,null,18399,null,null,48661,null,null,39871,null,null,31920,null,null,27225,null,null,25345,null,null,23291,null,null,16889,null,null,15851,null,null,28775,null,null,16842,null,null,18263,null,null,11849,null,null,12010,null,null,10993,null,null,7303,null,null,8108,null,null,16641,null,null,10626,null,null,11547,null,null,6870,null,null,9075,null,null,6679,null,null,5353,null,null,4911,null,null,10755,null,null,9413,null,null,6985,null,null,5251,null,null,4408,null,null,5255,null,null,4235,null,null,2879,null,null,12732,null,null,9400,null,null,6607,null,null,4226,null,null,5603,null,null,4181,null,null,3551,null,null,2258,null,null,19991,null,null,16502,null,null,8702,null,null,6194,null,null,4125,null,null,7262,null,null,5652,null,null,4414,null,null,06
2810263,16029,2350509,16287,315545,7913,184090,6925,131455,7167,144209,6558,97503,5465,46706,3246,2107958,16210,1774720,15178,232889,6953,138550,6547,94339,6110,100349,5198,66835,4261,33514,2961,251828,11216,187665,8654,47210,4656,22807,3205,24403,3149,16953,2460,9880,1777,7073,1521,81991,5174,61928,3954,10728,2365,6127,1521,4601,1629,9335,2149,6688,1879,2647,990,84470,5576,72499,4864,7338,1530,5448,1267,1890,923,4633,945,3752,883,881,359,60689,5074,52006,4429,5282,1306,3070,886,2212,950,3401,1045,2766,924,635,304,223327,7563,201691,7090,12098,2110,8088,1669,4010,1099,9538,1487,7582,1389,1956,731,16029,null,null,16287,null,null,7913,null,null,6925,null,null,7167,null,null,6558,null,null,5465,null,null,3246,null,null,16210,null,null,15178,null,null,6953,null,null,6547,null,null,6110,null,null,5198,null,null,4261,null,null,2961,null,null,11216,null,null,8654,null,null,4656,null,null,3205,null,null,3149,null,null,2460,null,null,1777,null,null,1521,null,null,5174,null,null,3954,null,null,2365,null,null,1521,null,null,1629,null,null,2149,null,null,1879,null,null,990,null,null,5576,null,null,4864,null,null,1530,null,null,1267,null,null,923,null,null,945,null,null,883,null,null,359,null,null,5074,null,null,4429,null,null,1306,null,null,886,null,null,950,null,null,1045,null,null,924,null,null,304,null,null,7563,null,null,7090,null,null,2110,null,null,1669,null,null,1099,null,null,1487,null,null,1389,null,null,731,null,null,08
1784936,11944,1383334,13485,206044,5413,129532,6743,76512,4799,195558,8011,135729,6851,59829,4274,1387240,13404,1104316,12996,137910,5765,92070,5426,45840,3649,145014,7905,102038,6426,42976,3532,146214,7032,94832,5455,31411,3435,15692,2134,15719,2960,19971,2444,12112,1557,7859,1792,88162,5408,58536,4088,18378,2894,10038,2020,8340,1972,11248,1863,7459,1338,3789,1181,48896,4205,31972,2815,9268,2484,6164,1928,3104,1244,7656,1547,5756,1284,1900,676,21293,2765,17042,2261,1877,852,1103,604,774,517,2374,922,1441,689,933,612,93131,4838,76636,4603,7200,1666,4465,1386,2735,1103,9295,1351,6923,1196,2372,770,11944,null,null,13485,null,null,5413,null,null,6743,null,null,4799,null,null,8011,null,null,6851,null,null,4274,null,null,13404,null,null,12996,null,null,5765,null,null,5426,null,null,3649,null,null,7905,null,null,6426,null,null,3532,null,null,7032,null,null,5455,null,null,3435,null,null,2134,null,null,2960,null,null,2444,null,null,1557,null,null,1792,null,null,5408,null,null,4088,null,null,2894,null,null,2020,null,null,1972,null,null,1863,null,null,1338,null,null,1181,null,null,4205,null,null,2815,null,null,2484,null,null,1928,null,null,1244,null,null,1547,null,null,1284,null,null,676,null,null,2765,null,null,2261,null,null,852,null,null,604,null,null,517,null,null,922,null,null,689,null,null,612,null,null,4838,null,null,4603,null,null,1666,null,null,1386,null,null,1103,null,null,1351,null,null,1196,null,null,770,null,null,09
439253,7146,377493,7012,34282,2141,20555,2350,13727,2351,27478,3337,19172,2710,8306,1471,355814,7471,312785,7052,23193,2318,14950,1982,8243,1501,19836,2357,14296,2085,5540,1244,39457,3929,27748,3176,7505,1823,3062,1058,4443,1963,4204,1476,2224,893,1980,884,11758,2172,10233,2023,917,606,769,548,148,178,608,399,242,260,366,285,8167,1771,5717,1407,1413,767,946,662,467,346,1037,741,784,713,253,204,4395,1147,3549,1009,355,269,266,234,89,142,491,361,436,344,55,94,19662,2352,17461,2249,899,597,562,406,337,400,1302,674,1190,637,112,193,7146,null,null,7012,null,null,2141,null,null,2350,null,null,2351,null,null,3337,null,null,2710,null,null,1471,null,null,7471,null,null,7052,null,null,2318,null,null,1982,null,null,1501,null,null,2357,null,null,2085,null,null,1244,null,null,3929,null,null,3176,null,null,1823,null,null,1058,null,null,1963,null,null,1476,null,null,893,null,null,884,null,null,2172,null,null,2023,null,null,606,null,null,548,null,null,178,null,null,399,null,null,260,null,null,285,null,null,1771,null,null,1407,null,null,767,null,null,662,null,null,346,null,null,741,null,null,713,null,null,204,null,null,1147,null,null,1009,null,null,269,null,null,234,null,null,142,null,null,361,null,null,344,null,null,94,null,null,2352,null,null,2249,null,null,597,null,null,406,null,null,400,null,null,674,null,null,637,null,null,193,null,null,10
362204,5623,294494,6194,36347,2436,18723,2072,17624,2494,31363,3248,23105,2447,8258,2125,119642,5857,100995,5792,10018,1908,5171,996,4847,1560,8629,1385,6194,1266,2435,710,18358,2671,13849,2207,2554,1043,1658,855,896,511,1955,588,1667,552,288,244,130451,5419,103722,5018,15942,2333,6738,1314,9204,2033,10787,1759,7920,1337,2867,1172,49514,3476,39715,2964,4057,1054,2841,793,1216,834,5742,1571,4534,1066,1208,966,22478,2263,19010,2069,1766,670,919,463,847,578,1702,725,1369,537,333,427,21761,2600,17203,2374,2010,840,1396,728,614,589,2548,957,1421,481,1127,810,5623,null,null,6194,null,null,2436,null,null,2072,null,null,2494,null,null,3248,null,null,2447,null,null,2125,null,null,5857,null,null,5792,null,null,1908,null,null,996,null,null,1560,null,null,1385,null,null,1266,null,null,710,null,null,2671,null,null,2207,null,null,1043,null,null,855,null,null,511,null,null,588,null,null,552,null,null,244,null,null,5419,null,null,5018,null,null,2333,null,null,1314,null,null,2033,null,null,1759,null,null,1337,null,null,1172,null,null,3476,null,null,2964,null,null,1054,null,null,793,null,null,834,null,null,1571,null,null,1066,null,null,966,null,null,2263,null,null,2069,null,null,670,null,null,463,null,null,578,null,null,725,null,null,537,null,null,427,null,null,2600,null,null,2374,null,null,840,null,null,728,null,null,589,null,null,957,null,null,481,null,null,810,null,null,11
